{"cameraMode":{"drawMode":0,"name":"Shaded","section":"Shading Mode"},"sceneLighting":true,"audioPlay":false,"sceneViewState":{"showFog":true,"showMaterialUpdate":false,"showSkybox":true,"showFlares":true,"showImageEffects":true,"showParticleSystems":true},"in2DMode":false,"pivot":{"x":1.6906564235687256,"y":-0.9418627619743347,"z":1.6013538837432862},"rotation":{"x":-0.029934225603938104,"y":0.9077715277671814,"z":-0.06575576961040497,"w":-0.41324901580810549},"size":2.1297454833984377,"orthographic":false}