{"cameraMode":{"drawMode":0,"name":"Shaded","section":"Shading Mode"},"sceneLighting":false,"audioPlay":false,"sceneViewState":{"showFog":true,"showMaterialUpdate":false,"showSkybox":true,"showFlares":true,"showImageEffects":true,"showParticleSystems":true},"in2DMode":false,"pivot":{"x":-2.399296998977661,"y":-0.45360615849494936,"z":-0.5025602579116821},"rotation":{"x":0.04947086051106453,"y":0.6918343901634216,"z":-0.047613274306058887,"w":0.7189024686813355},"size":0.5968742966651917,"orthographic":false}